threshold,precision,recall
0.14540065074404065,0.500709219858156,1.0
0.14680224673729894,0.5010645848119234,1.0
0.1469704974428042,0.5014204545454546,1.0
0.15392046833186315,0.501776830135039,1.0
0.15394272916927507,0.5021337126600285,1.0
0.15397593231076445,0.501779359430605,0.9985835694050992
0.154376140361476,0.5021367521367521,0.9985835694050992
0.1544721837299917,0.5024946543121882,0.9985835694050992
0.1555253179693937,0.5028530670470756,0.9985835694050992
0.15581071789526174,0.5032119914346895,0.9985835694050992
0.1592587984443559,0.5035714285714286,0.9985835694050992
0.1613519666641396,0.503216583273767,0.9971671388101983
0.16157118368399812,0.5028612303290415,0.9957507082152974
0.16301226983872555,0.5025053686471009,0.9943342776203966
0.16342177744380185,0.5021489971346705,0.9929178470254958
0.16365510832429897,0.5025089605734767,0.9929178470254958
0.16581211132644813,0.5028694404591105,0.9929178470254958
0.1664022341301991,0.5032304379038047,0.9929178470254958
0.1664776000868868,0.5028735632183908,0.9915014164305949
0.16818123309910082,0.5035971223021583,0.9915014164305949
0.16831444009092206,0.5032397408207343,0.990084985835694
0.16846288529931766,0.5036023054755043,0.990084985835694
0.16914583921073936,0.5039653929343908,0.990084985835694
0.1693432750053408,0.5043290043290043,0.990084985835694
0.170462567390681,0.5046931407942238,0.990084985835694
0.17270780773296301,0.505057803468208,0.990084985835694
0.17273282909499607,0.5054229934924078,0.990084985835694
0.17284364873522995,0.5057887120115774,0.990084985835694
0.1735865373774301,0.5061549601737871,0.990084985835694
0.17385271270569577,0.5065217391304347,0.990084985835694
0.17443768995265185,0.5068890500362582,0.990084985835694
0.1749521801274535,0.5072568940493469,0.990084985835694
0.1750777988851968,0.5076252723311547,0.990084985835694
0.1754645027066624,0.5079941860465116,0.990084985835694
0.17560300113361133,0.5083636363636364,0.990084985835694
0.17638903586071644,0.5087336244541485,0.990084985835694
0.17723872137002486,0.5091041514930809,0.990084985835694
0.17754101123852375,0.5094752186588921,0.990084985835694
0.17762496063170205,0.5098468271334792,0.990084985835694
0.17782423574781073,0.5102189781021897,0.990084985835694
0.1780287679924728,0.5105916727538349,0.990084985835694
0.17807398424663085,0.5109649122807017,0.990084985835694
0.17850529302038168,0.5113386978785662,0.990084985835694
0.1792947247549438,0.5117130307467057,0.990084985835694
0.18005383977536932,0.512087912087912,0.990084985835694
0.18020794391200096,0.5124633431085044,0.990084985835694
0.18039224222506978,0.5128393250183418,0.990084985835694
0.1805814459844491,0.513215859030837,0.990084985835694
0.1806986329433857,0.5135929463629684,0.990084985835694
0.1809735061811492,0.5139705882352941,0.990084985835694
0.18100624029376192,0.5143487858719646,0.990084985835694
0.18120208777925953,0.5139911634756995,0.9886685552407932
0.18145594041996607,0.5143699336772292,0.9886685552407932
0.18174929028617987,0.5140117994100295,0.9872521246458924
0.18206657592846331,0.5143911439114391,0.9872521246458924
0.18298000705948475,0.5147710487444609,0.9872521246458924
0.18342385136309317,0.5151515151515151,0.9872521246458924
0.1837109741780438,0.5155325443786982,0.9872521246458924
0.18396982655105207,0.5151739452257587,0.9858356940509915
0.18401811339966176,0.5148148148148148,0.9844192634560907
0.18414771450429335,0.5151964418087472,0.9844192634560907
0.18425605824474756,0.5148367952522255,0.9830028328611898
0.1842936111256263,0.5152190051967335,0.9830028328611898
0.18477612124140094,0.5148588410104011,0.9815864022662889
0.18520754980273404,0.5152416356877323,0.9815864022662889
0.1853789377327544,0.515625,0.9815864022662889
0.18569578244879437,0.5160089352196575,0.9815864022662889
0.18617203411293817,0.5163934426229508,0.9815864022662889
0.18711205397500302,0.5167785234899329,0.9815864022662889
0.18748161385102652,0.5171641791044777,0.9815864022662889
0.1877138340437122,0.5175504107542942,0.9815864022662889
0.18816642913044104,0.5179372197309418,0.9815864022662889
0.1882458987607651,0.5175766641735228,0.9801699716713881
0.18825085807120717,0.5172155688622755,0.9787535410764873
0.18882962197093703,0.5168539325842697,0.9773371104815864
0.18938189483707424,0.5172413793103449,0.9773371104815864
0.1896437187795692,0.5176294073518379,0.9773371104815864
0.1906529074226723,0.5180180180180181,0.9773371104815864
0.1913086945145044,0.5184072126220887,0.9773371104815864
0.19182101766154522,0.518796992481203,0.9773371104815864
0.19183707803313954,0.5191873589164786,0.9773371104815864
0.1922531975806897,0.5195783132530121,0.9773371104815864
0.1924250520049642,0.5199698568198945,0.9773371104815864
0.19257780036854538,0.5203619909502263,0.9773371104815864
0.19271761467692067,0.5207547169811321,0.9773371104815864
0.19296761358650158,0.5211480362537765,0.9773371104815864
0.19356801719639233,0.5207860922146637,0.9759206798866855
0.19439491549618626,0.5211800302571861,0.9759206798866855
0.19468986069049848,0.5215745647236941,0.9759206798866855
0.1948245026313832,0.521969696969697,0.9759206798866855
0.1952895861290333,0.5223654283548143,0.9759206798866855
0.19569044014630588,0.5227617602427921,0.9759206798866855
0.19597808747900522,0.5231586940015186,0.9759206798866855
0.19630734882851034,0.5235562310030395,0.9759206798866855
0.19651239382434663,0.5239543726235741,0.9759206798866855
0.1975454086318609,0.5243531202435312,0.9759206798866855
0.19923416400467117,0.5247524752475248,0.9759206798866855
0.19965411419968207,0.524390243902439,0.9745042492917847
0.1999146795758744,0.524790236460717,0.9745042492917847
0.2003637776249616,0.5251908396946565,0.9745042492917847
0.2006415096358229,0.5255920550038197,0.9745042492917847
0.20173182771260195,0.5259938837920489,0.9745042492917847
0.20177624584395715,0.5256312165263963,0.9730878186968839
0.20269816656455292,0.5260336906584993,0.9730878186968839
0.20277676394120778,0.5256704980842912,0.9716713881019831
0.20323925756688713,0.5253067484662577,0.9702549575070821
0.2035658417650796,0.5257099002302379,0.9702549575070821
0.20358867312594803,0.5261136712749616,0.9702549575070821
0.20407144087633503,0.5257494235203689,0.9688385269121813
0.2050461796951434,0.5261538461538462,0.9688385269121813
0.20568916732224765,0.5265588914549654,0.9688385269121813
0.20613298171754058,0.5261941448382126,0.9674220963172805
0.2062648374646519,0.5262345679012346,0.9660056657223796
0.20641443576897603,0.5266409266409267,0.9660056657223796
0.2064790528706052,0.527047913446677,0.9660056657223796
0.208060267122169,0.5274555297757154,0.9660056657223796
0.20842124148032726,0.5278637770897833,0.9660056657223796
0.2086236952233696,0.528272656855151,0.9660056657223796
0.2086458791456278,0.5286821705426357,0.9660056657223796
0.20919082509490214,0.5290923196276183,0.9660056657223796
0.2097026865540826,0.5295031055900621,0.9660056657223796
0.21012505966373876,0.5299145299145299,0.9660056657223796
0.21045461874333632,0.5303265940902022,0.9660056657223796
0.21058967393878064,0.5299610894941634,0.9645892351274787
0.2112128365709555,0.530373831775701,0.9645892351274787
0.21236707881550243,0.5307872174590803,0.9645892351274787
0.21290496042992005,0.531201248049922,0.9645892351274787
0.21326185618489896,0.5308352849336456,0.9631728045325779
0.21440662219711762,0.53125,0.9631728045325779
0.21441178618417023,0.5316653635652854,0.9631728045325779
0.21444728992043324,0.5320813771517997,0.9631728045325779
0.21468857138828304,0.5324980422866092,0.9631728045325779
0.21496333555694694,0.5329153605015674,0.9631728045325779
0.215234831196975,0.5333333333333333,0.9631728045325779
0.21570009529344103,0.533751962323391,0.9631728045325779
0.21886580532175537,0.5341712490180676,0.9631728045325779
0.21901731914176353,0.5338050314465409,0.9617563739376771
0.21909171767222124,0.5342250196695515,0.9617563739376771
0.22105794946193894,0.5338582677165354,0.9603399433427762
0.22171878533054745,0.5342789598108747,0.9603399433427762
0.22220799162361993,0.5347003154574133,0.9603399433427762
0.22299209554557656,0.5351223362273086,0.9603399433427762
0.22306917340097934,0.5355450236966824,0.9603399433427762
0.22325425783963593,0.5359683794466403,0.9603399433427762
0.22327930942865545,0.5363924050632911,0.9603399433427762
0.22347893480070527,0.5368171021377672,0.9603399433427762
0.22420872257315827,0.5372424722662441,0.9603399433427762
0.2253357854546543,0.5368754956383822,0.9589235127478754
0.22973444716980318,0.5365079365079365,0.9575070821529745
0.22974154803672395,0.5361397934868943,0.9560906515580736
0.2306891393372414,0.5365659777424483,0.9560906515580736
0.23088839372266504,0.5369928400954654,0.9560906515580736
0.23164900592450552,0.5374203821656051,0.9560906515580736
0.2331059152624272,0.5370517928286852,0.9546742209631728
0.23343863699272094,0.5374800637958532,0.9546742209631728
0.23458366971967284,0.5379090183559457,0.9546742209631728
0.23709424927101708,0.5383386581469649,0.9546742209631728
0.2372128388635641,0.5379696243005595,0.953257790368272
0.23746449233416092,0.5384,0.953257790368272
0.23766159931807748,0.5380304243394716,0.9518413597733711
0.2384084036347927,0.5376602564102564,0.9504249291784702
0.23853009492350094,0.5380914194065758,0.9504249291784702
0.23910099448817845,0.5385232744783307,0.9504249291784702
0.24098412685386053,0.5389558232931727,0.9504249291784702
0.24104606758357264,0.5385852090032154,0.9490084985835694
0.2411720002037747,0.5382139983909895,0.9475920679886686
0.24126512686996243,0.538647342995169,0.9475920679886686
0.24155441300029853,0.5390813859790492,0.9475920679886686
0.2427002079253052,0.5395161290322581,0.9475920679886686
0.24336673764236333,0.5399515738498789,0.9475920679886686
0.24383488832394232,0.5403877221324718,0.9475920679886686
0.24602133643360738,0.5408245755860954,0.9475920679886686
0.2467004292174031,0.5412621359223301,0.9475920679886686
0.24698549369338066,0.5417004048582996,0.9475920679886686
0.24803158234494854,0.5421393841166937,0.9475920679886686
0.24855970919199383,0.5417680454176804,0.9461756373937678
0.24928357816772065,0.5422077922077922,0.9461756373937678
0.24961804589523223,0.5426482534524777,0.9461756373937678
0.24964013114704492,0.5430894308943089,0.9461756373937678
0.249754234802377,0.5435313262815297,0.9461756373937678
0.24981908734311967,0.5431596091205212,0.9447592067988668
0.2499199902101924,0.5436022819885901,0.9447592067988668
0.2500242734224666,0.5440456769983687,0.9447592067988668
0.25166080229105176,0.5436734693877551,0.943342776203966
0.252233147389733,0.5441176470588235,0.943342776203966
0.253593566307801,0.544562551103843,0.943342776203966
0.2543364527775379,0.5450081833060556,0.943342776203966
0.25543315680046863,0.5446355446355446,0.9419263456090652
0.25565236526793167,0.5450819672131147,0.9419263456090652
0.25621621047501075,0.5447087776866284,0.9405099150141643
0.2574652927380485,0.5451559934318555,0.9405099150141643
0.25786863114852576,0.5456039441248973,0.9405099150141643
0.25796140757505287,0.5460526315789473,0.9405099150141643
0.25882218171528804,0.5465020576131687,0.9405099150141643
0.25942445559274224,0.5469522240527183,0.9405099150141643
0.26101407463304793,0.5474031327287716,0.9405099150141643
0.2616164635120345,0.5470297029702971,0.9390934844192634
0.2619812378335041,0.5474814203137902,0.9390934844192634
0.2630210015071286,0.5479338842975207,0.9390934844192634
0.2640587756567138,0.5483870967741935,0.9390934844192634
0.2641698394345675,0.5480132450331126,0.9376770538243626
0.26435402543714864,0.5484672742336372,0.9376770538243626
0.26452652215669553,0.548922056384743,0.9376770538243626
0.2652160233975757,0.5485477178423237,0.9362606232294618
0.26534150805177165,0.5490033222591362,0.9362606232294618
0.26591508576782136,0.5494596841230258,0.9362606232294618
0.2668936274189758,0.5499168053244592,0.9362606232294618
0.26704835775123265,0.5503746877601998,0.9362606232294618
0.26780228447145127,0.5508333333333333,0.9362606232294618
0.2685741874212599,0.5512927439532944,0.9362606232294618
0.26872018069273657,0.5509181969949917,0.9348441926345609
0.2692616796592221,0.5513784461152882,0.9348441926345609
0.26992349372310726,0.5518394648829431,0.9348441926345609
0.2704522595600164,0.5523012552301255,0.9348441926345609
0.27067850192916604,0.5527638190954773,0.9348441926345609
0.2714839423565798,0.5532271584241408,0.9348441926345609
0.27229718400893005,0.5536912751677853,0.9348441926345609
0.2727476644666632,0.5541561712846348,0.9348441926345609
0.2729708312627609,0.5546218487394958,0.9348441926345609
0.2735237541709642,0.5550883095037847,0.9348441926345609
0.27358947111928483,0.5555555555555556,0.9348441926345609
0.27369615941929404,0.5560235888795282,0.9348441926345609
0.27382249347994836,0.5564924114671164,0.9348441926345609
0.2739751358176516,0.5561181434599156,0.93342776203966
0.27401561929314033,0.5565878378378378,0.93342776203966
0.27615696536362716,0.5570583262890956,0.93342776203966
0.27648840994815527,0.5575296108291032,0.93342776203966
0.2771427823588612,0.5571549534292972,0.9320113314447592
0.27742676843582326,0.5576271186440678,0.9320113314447592
0.2778665806208037,0.5581000848176421,0.9320113314447592
0.27864583807383847,0.5585738539898133,0.9320113314447592
0.279264162558471,0.5590484282073067,0.9320113314447592
0.2794198491513707,0.5595238095238095,0.9320113314447592
0.27946506725070674,0.5591489361702128,0.9305949008498584
0.28148646425190244,0.5596252129471891,0.9305949008498584
0.2820687300157042,0.5601023017902813,0.9305949008498584
0.28254866849274185,0.5597269624573379,0.9291784702549575
0.2828927300773272,0.5593509820666097,0.9277620396600567
0.2829764735558751,0.5598290598290598,0.9277620396600567
0.28402702689249415,0.5603079555175363,0.9277620396600567
0.284580919898751,0.559931506849315,0.9263456090651558
0.2848009842118575,0.5604113110539846,0.9263456090651558
0.2858946199743881,0.5608919382504288,0.9263456090651558
0.2861399121065379,0.5613733905579399,0.9263456090651558
0.28685355218791136,0.5609965635738832,0.9249291784702549
0.28703017547928644,0.5606190885640585,0.9235127478753541
0.28736876358900715,0.5611015490533563,0.9235127478753541
0.28825999160231847,0.5615848406546081,0.9235127478753541
0.2884107412324577,0.5620689655172414,0.9235127478753541
0.28921266673649143,0.5625539257981018,0.9235127478753541
0.28959153963155043,0.5621761658031088,0.9220963172804533
0.2897794572819684,0.5626620570440796,0.9220963172804533
0.29065903977310253,0.5622837370242214,0.9206798866855525
0.2907680514049058,0.5627705627705628,0.9206798866855525
0.29087017816423155,0.5632582322357019,0.9206798866855525
0.2908799501540904,0.5637467476149176,0.9206798866855525
0.2909426012535942,0.5642361111111112,0.9206798866855525
0.2910390182827663,0.5647263249348393,0.9206798866855525
0.29181563565391155,0.5643478260869565,0.9192634560906515
0.2918688433763881,0.5648389904264578,0.9192634560906515
0.2919846204937615,0.5644599303135889,0.9178470254957507
0.2921431701489212,0.5649520488230165,0.9178470254957507
0.29245396171952853,0.5645724258289704,0.9164305949008499
0.29262061006330276,0.5650655021834061,0.9164305949008499
0.293512841282593,0.5646853146853147,0.9150141643059491
0.2940519209646772,0.5643044619422573,0.9135977337110481
0.2942491788838639,0.5647985989492119,0.9135977337110481
0.29442131019373496,0.5644171779141104,0.9121813031161473
0.29531473178435697,0.5640350877192982,0.9107648725212465
0.2954679846358232,0.5645302897278315,0.9107648725212465
0.2964343130694995,0.5650263620386643,0.9107648725212465
0.2966901870663759,0.565523306948109,0.9107648725212465
0.2967161540347291,0.5660211267605634,0.9107648725212465
0.2967866113443198,0.5656387665198238,0.9093484419263456
0.29734795726483576,0.5661375661375662,0.9093484419263456
0.2974802596398899,0.5666372462488968,0.9093484419263456
0.2976967838493113,0.5662544169611308,0.9079320113314447
0.2983755350483288,0.5667550839964633,0.9079320113314447
0.29861111742528745,0.5672566371681416,0.9079320113314447
0.299098680211086,0.566873339238264,0.9065155807365439
0.29951761600220667,0.5673758865248227,0.9065155807365439
0.29953516923467205,0.5669920141969832,0.9050991501416431
0.29967644026059437,0.566607460035524,0.9036827195467422
0.299788335118128,0.5662222222222222,0.9022662889518414
0.3003699366560167,0.5667259786476868,0.9022662889518414
0.30121298859968154,0.5672306322350846,0.9022662889518414
0.30163119862561005,0.5668449197860963,0.9008498583569405
0.30236736624765465,0.567350579839429,0.9008498583569405
0.30244387955937574,0.5678571428571428,0.9008498583569405
0.3026955114012999,0.5674709562109026,0.8994334277620396
0.30291807193250975,0.5679785330948122,0.8994334277620396
0.3032704834140251,0.5684870188003581,0.8994334277620396
0.30361508261094255,0.5689964157706093,0.8994334277620396
0.30378156051598115,0.568609865470852,0.8980169971671388
0.30522207143998076,0.5691202872531418,0.8980169971671388
0.30565039943389516,0.568733153638814,0.896600566572238
0.3060125536827248,0.5692446043165468,0.896600566572238
0.30709348620114635,0.5697569756975698,0.896600566572238
0.30781287239517424,0.5702702702702702,0.896600566572238
0.3085001384351656,0.569882777276826,0.8951841359773371
0.3088660229035946,0.5694945848375451,0.8937677053824362
0.30910964155719933,0.5700090334236676,0.8937677053824362
0.3092834983970209,0.5705244122965641,0.8937677053824362
0.30952573588040955,0.5701357466063348,0.8923512747875354
0.3095460525674893,0.5706521739130435,0.8923512747875354
0.310083138858615,0.57116953762466,0.8923512747875354
0.31029246615761175,0.5707803992740472,0.8909348441926346
0.3109043435421698,0.5712988192552225,0.8909348441926346
0.3118223566848209,0.5718181818181818,0.8909348441926346
0.3122008403570159,0.5723384895359418,0.8909348441926346
0.312429238122923,0.5728597449908925,0.8909348441926346
0.3129087715376518,0.5733819507748404,0.8909348441926346
0.31373413357878804,0.573905109489051,0.8909348441926346
0.3152733743938782,0.5744292237442923,0.8909348441926346
0.3153408502581011,0.5749542961608776,0.8909348441926346
0.31561017971438415,0.57548032936871,0.8909348441926346
0.3160504584264765,0.575091575091575,0.8895184135977338
0.31687227028060816,0.5756186984417965,0.8895184135977338
0.31761643730090244,0.5761467889908257,0.8895184135977338
0.31823780324986684,0.5757575757575758,0.8881019830028328
0.3200376153369051,0.5753676470588235,0.886685552407932
0.32147127969924205,0.5758969641214351,0.886685552407932
0.32159362977385686,0.576427255985267,0.886685552407932
0.32174068963958796,0.5769585253456221,0.886685552407932
0.3221009907281044,0.577490774907749,0.886685552407932
0.32324427069410866,0.5780240073868883,0.886685552407932
0.3237842758042228,0.5785582255083179,0.886685552407932
0.3239743037113423,0.5790934320074006,0.886685552407932
0.324264924045675,0.5787037037037037,0.8852691218130312
0.3243017191522231,0.5792400370713624,0.8852691218130312
0.3243129512529271,0.5788497217068646,0.8838526912181303
0.3259240830619712,0.5793871866295265,0.8838526912181303
0.3272158426352439,0.578996282527881,0.8824362606232294
0.32799901618700444,0.5786046511627907,0.8810198300283286
0.32802675404165577,0.5791433891992551,0.8810198300283286
0.32809434979938007,0.5796831314072693,0.8810198300283286
0.3285456383500034,0.5792910447761194,0.8796033994334278
0.3289105745317788,0.5798319327731093,0.8796033994334278
0.3296217170097268,0.5794392523364486,0.8781869688385269
0.3307844308184512,0.5790458372310571,0.876770538243626
0.3311370997115807,0.5795880149812734,0.876770538243626
0.33126092148151004,0.5791940018744143,0.8753541076487252
0.3321177973779547,0.5797373358348968,0.8753541076487252
0.33221544622751503,0.5802816901408451,0.8753541076487252
0.33433396880625255,0.5798872180451128,0.8739376770538244
0.3348987403409519,0.5804327375352775,0.8739376770538244
0.33496239839960973,0.5809792843691148,0.8739376770538244
0.33562150248544514,0.5815268614514609,0.8739376770538244
0.33712069554656093,0.5811320754716981,0.8725212464589235
0.3380672512791207,0.5807365439093485,0.8711048158640227
0.33809406624735777,0.5803402646502835,0.8696883852691218
0.3382534176087438,0.5808893093661306,0.8696883852691218
0.3387516101664374,0.5814393939393939,0.8696883852691218
0.3388728272330624,0.581042654028436,0.8682719546742209
0.33952166544705165,0.5815939278937381,0.8682719546742209
0.33959100755174354,0.5811965811965812,0.8668555240793201
0.3397141096847575,0.5817490494296578,0.8668555240793201
0.34088464444047994,0.582302568981922,0.8668555240793201
0.3415539192575283,0.5828571428571429,0.8668555240793201
0.3420911763753625,0.5824594852240229,0.8654390934844193
0.34235661840301135,0.5830152671755725,0.8654390934844193
0.3433010895434473,0.5835721107927412,0.8654390934844193
0.34335115694856144,0.5841300191204589,0.8654390934844193
0.34404266651163107,0.583732057416268,0.8640226628895185
0.34456156733008164,0.5842911877394636,0.8640226628895185
0.3450545853043073,0.5848513902205177,0.8640226628895185
0.3452562909057224,0.5854126679462572,0.8640226628895185
0.34530030290986014,0.5859750240153698,0.8640226628895185
0.34555318668468915,0.5865384615384616,0.8640226628895185
0.34650423256356344,0.5871029836381135,0.8640226628895185
0.34670809907545497,0.5867052023121387,0.8626062322946175
0.3468806428083366,0.5872709739633558,0.8626062322946175
0.34828299124137435,0.5868725868725869,0.8611898016997167
0.34843412370709004,0.5864734299516908,0.8597733711048159
0.35023491561499726,0.5870406189555126,0.8597733711048159
0.351424033165669,0.5866408518877058,0.8583569405099151
0.3521125147542064,0.5872093023255814,0.8583569405099151
0.3531469696976621,0.5868089233753637,0.8569405099150141
0.35364721364983354,0.5864077669902913,0.8555240793201133
0.35409942607725087,0.586977648202138,0.8555240793201133
0.35461409334559113,0.5865758754863813,0.8541076487252125
0.35573160656884134,0.5871470301850049,0.8541076487252125
0.35583287318467366,0.5877192982456141,0.8541076487252125
0.3567256062684528,0.5873170731707317,0.8526912181303116
0.35673317892289164,0.587890625,0.8526912181303116
0.3569077029505906,0.5884652981427175,0.8526912181303116
0.35695009607385364,0.589041095890411,0.8526912181303116
0.3575960539248647,0.5896180215475024,0.8526912181303116
0.3579853321901809,0.5901960784313726,0.8526912181303116
0.3590593075004134,0.5907752698724239,0.8526912181303116
0.3597699754828147,0.5913555992141454,0.8526912181303116
0.3612297143661692,0.5909537856440511,0.8512747875354107
0.3613949590206447,0.5905511811023622,0.8498583569405099
0.362898831275362,0.5901477832512315,0.8484419263456091
0.36539464710028446,0.5897435897435898,0.8470254957507082
0.3654300959638075,0.5903257650542941,0.8470254957507082
0.36548213261296814,0.5909090909090909,0.8470254957507082
0.3658387081311758,0.5914935707220573,0.8470254957507082
0.36669405101042724,0.592079207920792,0.8470254957507082
0.3672271171765554,0.5926660059464817,0.8470254957507082
0.36783531400001773,0.5932539682539683,0.8470254957507082
0.36784761828913964,0.5938430983118173,0.8470254957507082
0.36791460779480434,0.5944333996023857,0.8470254957507082
0.36804003224129683,0.5950248756218905,0.8470254957507082
0.3681680597173968,0.5956175298804781,0.8470254957507082
0.36876269843588894,0.5952143569292123,0.8456090651558074
0.36920353552190327,0.5958083832335329,0.8456090651558074
0.3696329852779177,0.5964035964035964,0.8456090651558074
0.37000175928490514,0.597,0.8456090651558074
0.3704544503217743,0.5975975975975976,0.8456090651558074
0.3709093534048636,0.5971943887775552,0.8441926345609065
0.37170291656418375,0.59679037111334,0.8427762039660056
0.3719458336614129,0.5973895582329317,0.8427762039660056
0.3722555988900962,0.5979899497487438,0.8427762039660056
0.37232677495464805,0.5985915492957746,0.8427762039660056
0.37240599141516817,0.5981873111782477,0.8413597733711048
0.3742672445201725,0.5977822580645161,0.839943342776204
0.3743362858815511,0.5983854692230071,0.839943342776204
0.37598535421813917,0.597979797979798,0.8385269121813032
0.3763138727558814,0.5975733063700708,0.8371104815864022
0.37674848971859626,0.5981781376518218,0.8371104815864022
0.37690101111450197,0.5987841945288754,0.8371104815864022
0.37722411819417795,0.5983772819472617,0.8356940509915014
0.3774364343407036,0.5989847715736041,0.8356940509915014
0.3775253697013891,0.5985772357723578,0.8342776203966006
0.3778580807087727,0.5991861648016277,0.8342776203966006
0.3781951987618134,0.59979633401222,0.8342776203966006
0.37829187491309557,0.6004077471967381,0.8342776203966006
0.378349661863429,0.6010204081632653,0.8342776203966006
0.3784427866900206,0.6016343207354443,0.8342776203966006
0.3789618594353193,0.6022494887525562,0.8342776203966006
0.3790328377360482,0.6028659160696008,0.8342776203966006
0.3793134245046383,0.6024590163934426,0.8328611898016998
0.3796094689223215,0.6030769230769231,0.8328611898016998
0.37994957090143744,0.6036960985626283,0.8328611898016998
0.38045822534160545,0.6032887975334018,0.8314447592067988
0.38053473625824785,0.6039094650205762,0.8314447592067988
0.3806019043250302,0.6035015447991761,0.830028328611898
0.3813575274808733,0.6030927835051546,0.8286118980169972
0.38160349179062486,0.6026831785345718,0.8271954674220963
0.3828679605222767,0.6022727272727273,0.8257790368271954
0.3836179643580869,0.6028955532574974,0.8257790368271954
0.3841312681165389,0.6024844720496895,0.8243626062322946
0.384348780241132,0.6031088082901555,0.8243626062322946
0.38444216878499626,0.6026970954356846,0.8229461756373938
0.3844945516907111,0.6033229491173416,0.8229461756373938
0.38543743904022976,0.603950103950104,0.8229461756373938
0.3857783176038247,0.603537981269511,0.8215297450424929
0.38623878953832824,0.6041666666666666,0.8215297450424929
0.386594752889173,0.6047966631908238,0.8215297450424929
0.3870780833465618,0.605427974947808,0.8215297450424929
0.3871643772280941,0.6060606060606061,0.8215297450424929
0.38760494954352154,0.606694560669456,0.8215297450424929
0.38808292899713326,0.606282722513089,0.8201133144475921
0.38816962260031246,0.6058700209643606,0.8186968838526912
0.38868363409737794,0.6065057712486883,0.8186968838526912
0.3888151144186439,0.6060924369747899,0.8172804532577904
0.38992625409839043,0.6056782334384858,0.8158640226628895
0.38994978714520695,0.6063157894736843,0.8158640226628895
0.39025945025121345,0.6059009483667018,0.8144475920679887
0.39037407685741643,0.6054852320675106,0.8130311614730878
0.39039250923900426,0.6061246040126715,0.8130311614730878
0.39070975422145454,0.6067653276955602,0.8130311614730878
0.39105503104663863,0.6074074074074074,0.8130311614730878
0.3912962821303278,0.6069915254237288,0.8116147308781869
0.39160858116297503,0.6076352067868505,0.8116147308781869
0.391748258274101,0.60828025477707,0.8116147308781869
0.392731951423348,0.6089266737513284,0.8116147308781869
0.39290653507334516,0.6095744680851064,0.8116147308781869
0.39374134218334383,0.6091586794462194,0.8101983002832861
0.3938072041255127,0.6087420042643923,0.8087818696883853
0.39385278763428627,0.608324439701174,0.8073654390934845
0.39435243791266417,0.6089743589743589,0.8073654390934845
0.3944225591395503,0.6096256684491979,0.8073654390934845
0.3951314013298971,0.6102783725910065,0.8073654390934845
0.3964474950086134,0.609860664523044,0.8059490084985835
0.3966509179319162,0.6094420600858369,0.8045325779036827
0.39676435778585395,0.6100966702470462,0.8045325779036827
0.3970321497565903,0.610752688172043,0.8045325779036827
0.39738558606311886,0.6114101184068891,0.8045325779036827
0.3974241778901826,0.6120689655172413,0.8045325779036827
0.3978710156944533,0.6127292340884574,0.8045325779036827
0.39824625556236987,0.6123110151187905,0.8031161473087819
0.39827896506439026,0.6118918918918919,0.8016997167138811
0.3983492933638395,0.6114718614718615,0.8002832861189801
0.39846971074410814,0.6121343445287107,0.8002832861189801
0.3992633168965442,0.6127982646420824,0.8002832861189801
0.39950025266966127,0.6123778501628665,0.7988668555240793
0.39963037458974177,0.6130434782608696,0.7988668555240793
0.4011751469970104,0.6126224156692056,0.7974504249291785
0.4012024597548047,0.6132897603485838,0.7974504249291785
0.4013428525020071,0.613958560523446,0.7974504249291785
0.4014731275520468,0.6135371179039302,0.7960339943342776
0.4014964832481287,0.614207650273224,0.7960339943342776
0.40167893835565227,0.6137855579868708,0.7946175637393768
0.4017370502555899,0.6144578313253012,0.7946175637393768
0.40192892751615233,0.6151315789473685,0.7946175637393768
0.40220524585509027,0.6158068057080132,0.7946175637393768
0.4026075043157044,0.6164835164835165,0.7946175637393768
0.40280385888419984,0.6160616061606161,0.7932011331444759
0.40296766420812963,0.6167400881057269,0.7932011331444759
0.402999202992848,0.61742006615215,0.7932011331444759
0.403564451250205,0.6181015452538632,0.7932011331444759
0.4035682431122976,0.6176795580110497,0.7917847025495751
0.4037105020779785,0.6183628318584071,0.7917847025495751
0.4037811234956172,0.6179401993355482,0.7903682719546742
0.4040217795701933,0.6175166297117517,0.7889518413597734
0.40432868381259635,0.6170921198668147,0.7875354107648725
0.40465528133323053,0.6177777777777778,0.7875354107648725
0.40484318329921726,0.6184649610678532,0.7875354107648725
0.4050786386068188,0.6191536748329621,0.7875354107648725
0.40513602857616954,0.6198439241917503,0.7875354107648725
0.40535921852836465,0.6205357142857143,0.7875354107648725
0.4054813082302558,0.6201117318435754,0.7861189801699717
0.40568571225866884,0.6196868008948546,0.7847025495750708
0.40569517441240754,0.6192609182530795,0.78328611898017
0.40575714458370366,0.6199551569506726,0.78328611898017
0.40630581195078314,0.6206509539842873,0.78328611898017
0.4065061918589839,0.6213483146067416,0.78328611898017
0.4065064595888721,0.6209223847019123,0.7818696883852692
0.4067944483705494,0.6204954954954955,0.7804532577903682
0.4070444081983768,0.62119503945885,0.7804532577903682
0.4072508641330367,0.6207674943566591,0.7790368271954674
0.4073046027433497,0.6214689265536724,0.7790368271954674
0.40747023250918285,0.6221719457013575,0.7790368271954674
0.40752870979529715,0.6217440543601359,0.7776203966005666
0.4081651046810955,0.6224489795918368,0.7776203966005666
0.4083696769520035,0.623155505107832,0.7776203966005666
0.4084704585927531,0.6227272727272727,0.7762039660056658
0.4090144908420075,0.6222980659840728,0.7747875354107648
0.40907638796836154,0.623006833712984,0.7747875354107648
0.40912935904715025,0.6225769669327252,0.773371104815864
0.4091476370748594,0.6232876712328768,0.773371104815864
0.40919286323158743,0.6228571428571429,0.7719546742209632
0.4093450834215679,0.6235697940503433,0.7719546742209632
0.41068431384771076,0.6231386025200458,0.7705382436260623
0.41089834905094436,0.6227064220183486,0.7691218130311614
0.410968789201194,0.6222732491389208,0.7677053824362606
0.4110013455364438,0.6229885057471264,0.7677053824362606
0.41101269171686544,0.6237054085155351,0.7677053824362606
0.4113209183840273,0.6232718894009217,0.7662889518413598
0.4118453306856664,0.6228373702422145,0.7648725212464589
0.4125138923973523,0.6235565819861432,0.7648725212464589
0.4129837075523687,0.6242774566473989,0.7648725212464589
0.41350672781751463,0.6238425925925926,0.7634560906515581
0.4137693506212558,0.6245654692931634,0.7634560906515581
0.41466973787790606,0.6241299303944315,0.7620396600566572
0.4146975554006989,0.6248548199767712,0.7620396600566572
0.41475046879504823,0.6255813953488372,0.7620396600566572
0.41476280037401,0.6263096623981373,0.7620396600566572
0.4148069339267774,0.6258741258741258,0.7606232294617564
0.41542315181164274,0.6254375729288215,0.7592067988668555
0.41565140431244,0.6261682242990654,0.7592067988668555
0.41609952872309247,0.6269005847953216,0.7592067988668555
0.41616107004151104,0.6276346604215457,0.7592067988668555
0.4167282282321987,0.6283704572098476,0.7592067988668555
0.4168550984266591,0.6291079812206573,0.7592067988668555
0.4169838685984595,0.6298472385428907,0.7592067988668555
0.4173684607681925,0.6305882352941177,0.7592067988668555
0.41774591635786035,0.6313309776207303,0.7592067988668555
0.41785696959671165,0.6308962264150944,0.7577903682719547
0.41790794711771867,0.6316410861865407,0.7577903682719547
0.4181016366913238,0.6323877068557919,0.7577903682719547
0.4181222574216705,0.6319526627218935,0.7563739376770539
0.41832236561080777,0.6315165876777251,0.7549575070821529
0.41871491353863516,0.6322657176749703,0.7549575070821529
0.41901220101723274,0.6330166270783848,0.7549575070821529
0.4191082784227405,0.633769322235434,0.7549575070821529
0.42065947060988573,0.6333333333333333,0.7535410764872521
0.42123433083809675,0.6328963051251489,0.7521246458923513
0.42150253528455306,0.6336515513126492,0.7521246458923513
0.4227340704682997,0.6332138590203107,0.7507082152974505
0.4227496597227477,0.6327751196172249,0.7492917847025495
0.4227748293443877,0.6335329341317365,0.7492917847025495
0.4228645045521915,0.6330935251798561,0.7478753541076487
0.4231471043860542,0.6326530612244898,0.7464589235127479
0.42361596596776463,0.6322115384615384,0.7450424929178471
0.42375621145631787,0.6329723225030084,0.7450424929178471
0.42411621189224585,0.6325301204819277,0.7436260623229461
0.4243658962498636,0.6332931242460796,0.7436260623229461
0.42467201571240176,0.6328502415458938,0.7422096317280453
0.4250319135725944,0.6336154776299879,0.7422096317280453
0.42525316404756447,0.6331719128329297,0.7407932011331445
0.42558405589155096,0.6339393939393939,0.7407932011331445
0.4258118640665796,0.6347087378640777,0.7407932011331445
0.42677315180515274,0.6354799513973268,0.7407932011331445
0.42689384956583815,0.6362530413625304,0.7407932011331445
0.42690295224004077,0.6370280146163215,0.7407932011331445
0.4270698108618891,0.6378048780487805,0.7407932011331445
0.4272541345398302,0.6385836385836385,0.7407932011331445
0.4275898541390921,0.6393643031784841,0.7407932011331445
0.42802819222962957,0.6401468788249693,0.7407932011331445
0.42817095511176567,0.6409313725490197,0.7407932011331445
0.42832132014899327,0.6404907975460122,0.7393767705382436
0.42870578378480423,0.6412776412776413,0.7393767705382436
0.42874429463972097,0.6420664206642066,0.7393767705382436
0.42878955963965176,0.6428571428571429,0.7393767705382436
0.4288854355166436,0.6436498150431565,0.7393767705382436
0.4293830896344837,0.6432098765432098,0.7379603399433428
0.4295335235929113,0.6427688504326329,0.7365439093484419
0.4299489652225059,0.6423267326732673,0.7351274787535411
0.4299718315130823,0.6418835192069393,0.7337110481586402
0.4304787492334136,0.641439205955335,0.7322946175637394
0.43063649150080613,0.6409937888198758,0.7308781869688386
0.43091007379445995,0.6417910447761194,0.7308781869688386
0.4315226661866751,0.6425902864259029,0.7308781869688386
0.4315772742419496,0.64214463840399,0.7294617563739377
0.4316148654836594,0.6429463171036205,0.7294617563739377
0.4321966504466791,0.64375,0.7294617563739377
0.4326932258730476,0.6445556946182729,0.7294617563739377
0.4331316979985441,0.6441102756892231,0.7280453257790368
0.4339126045344753,0.64366373902133,0.726628895184136
0.4340066292506887,0.6432160804020101,0.7252124645892352
0.43408697169204397,0.6440251572327044,0.7252124645892352
0.43441060180101504,0.6448362720403022,0.7252124645892352
0.4349686814679037,0.6443883984867591,0.7237960339943342
0.43523169600311024,0.6452020202020202,0.7237960339943342
0.4353809962360739,0.6447534766118836,0.7223796033994334
0.43601614040747455,0.6443037974683544,0.7209631728045326
0.4369367520371257,0.6438529784537389,0.7195467422096318
0.43721093969587294,0.6446700507614214,0.7195467422096318
0.4374522510473005,0.6442185514612452,0.7181303116147308
0.4380003006075525,0.6450381679389313,0.7181303116147308
0.4386124119259512,0.6445859872611465,0.71671388101983
0.4389483393635913,0.6454081632653061,0.71671388101983
0.43899539706516055,0.644955300127714,0.7152974504249292
0.43924041797367824,0.6445012787723785,0.7138810198300283
0.4393335359874307,0.645326504481434,0.7138810198300283
0.43992334464550814,0.6461538461538462,0.7138810198300283
0.44026760717334446,0.6456996148908858,0.7124645892351275
0.44030900196068945,0.6452442159383034,0.7110481586402266
0.4411489278352973,0.646074646074646,0.7110481586402266
0.44144636887841493,0.645618556701031,0.7096317280453258
0.4416012237352211,0.6451612903225806,0.7082152974504249
0.4424073302233399,0.6447028423772609,0.7067988668555241
0.4430517368751164,0.6442432082794308,0.7053824362606232
0.44331688453260115,0.6437823834196891,0.7039660056657224
0.44415056747935877,0.6433203631647212,0.7025495750708215
0.4445703057862201,0.6441558441558441,0.7025495750708215
0.4449929869784821,0.6449934980494149,0.7025495750708215
0.44503264945807236,0.6458333333333334,0.7025495750708215
0.445407922672863,0.6453715775749674,0.7011331444759207
0.4456849431855758,0.6449086161879896,0.6997167138810199
0.4462221331018649,0.6457516339869281,0.6997167138810199
0.4463910769344,0.6452879581151832,0.6983002832861189
0.4469487560547383,0.6448230668414154,0.6968838526912181
0.44719058869601724,0.6443569553805775,0.6954674220963173
0.4484164828101467,0.6438896189224704,0.6940509915014165
0.4485534242663859,0.6447368421052632,0.6940509915014165
0.4491019127324207,0.6442687747035574,0.6926345609065155
0.44981805021264587,0.6437994722955145,0.6912181303116147
0.4504172891556843,0.6446499339498019,0.6912181303116147
0.45070852460447913,0.6441798941798942,0.6898016997167139
0.4507584097031449,0.6450331125827815,0.6898016997167139
0.45086009136650074,0.6458885941644562,0.6898016997167139
0.45126625731787007,0.646746347941567,0.6898016997167139
0.45129157953212634,0.6476063829787234,0.6898016997167139
0.451419955689868,0.6471371504660453,0.6883852691218131
0.4516158327194255,0.648,0.6883852691218131
0.4516799404625002,0.6488651535380507,0.6883852691218131
0.45326500503315337,0.6497326203208557,0.6883852691218131
0.45350270746629695,0.6506024096385542,0.6883852691218131
0.4541803717410981,0.6514745308310992,0.6883852691218131
0.454794159134289,0.6523489932885906,0.6883852691218131
0.45543565957276116,0.6532258064516129,0.6883852691218131
0.45673404916792876,0.6541049798115747,0.6883852691218131
0.4569451728599054,0.6549865229110512,0.6883852691218131
0.4579961357473426,0.6558704453441295,0.6883852691218131
0.4588668832494395,0.6567567567567567,0.6883852691218131
0.45903486444929936,0.6562922868741543,0.6869688385269122
0.45943903003130565,0.6571815718157181,0.6869688385269122
0.4598935018296914,0.6580732700135685,0.6869688385269122
0.4599323675265562,0.6589673913043478,0.6869688385269122
0.46106821030523887,0.6585034013605442,0.6855524079320113
0.4614247123622569,0.6580381471389646,0.6841359773371105
0.46163137291114076,0.6589358799454298,0.6841359773371105
0.4622560445314654,0.6584699453551912,0.6827195467422096
0.4636126755376389,0.6593707250341997,0.6827195467422096
0.4652427718197152,0.6602739726027397,0.6827195467422096
0.46640722551841435,0.6611796982167353,0.6827195467422096
0.46689279726444355,0.6620879120879121,0.6827195467422096
0.4669381280440788,0.6629986244841816,0.6827195467422096
0.46736817915047335,0.662534435261708,0.6813031161473088
0.4679444917799724,0.663448275862069,0.6813031161473088
0.4684344506771169,0.664364640883978,0.6813031161473088
0.46879105372797997,0.665283540802213,0.6813031161473088
0.4688745498226329,0.6662049861495845,0.6813031161473088
0.46894694258040304,0.665742024965326,0.6798866855524079
0.46977688322646977,0.6652777777777777,0.6784702549575071
0.47136395365204864,0.6648122392211405,0.6770538243626062
0.4714878613178345,0.6643454038997214,0.6756373937677054
0.4720510166983105,0.6638772663877266,0.6742209631728046
0.4721398595345858,0.6634078212290503,0.6728045325779037
0.47228516431245093,0.6629370629370629,0.6713881019830028
0.4733378552980544,0.6638655462184874,0.6713881019830028
0.4742052737806745,0.6633941093969145,0.669971671388102
0.4746451354286583,0.6643258426966292,0.669971671388102
0.47468371724254915,0.6638537271448663,0.6685552407932012
0.47484204880904374,0.6647887323943662,0.6685552407932012
0.475441521755095,0.6657263751763046,0.6685552407932012
0.475500274685045,0.6652542372881356,0.6671388101983002
0.4755335448016191,0.6647807637906648,0.6657223796033994
0.47601686792600445,0.6657223796033994,0.6657223796033994
0.47604181356270336,0.6652482269503546,0.6643059490084986
0.4763142567122181,0.6647727272727273,0.6628895184135978
0.47643801159098165,0.6642958748221907,0.6614730878186968
0.4765022274978043,0.6638176638176638,0.660056657223796
0.47652763228890865,0.6647646219686163,0.660056657223796
0.4777969289771566,0.6657142857142857,0.660056657223796
0.4784516346204264,0.6666666666666666,0.660056657223796
0.47865874390546304,0.666189111747851,0.6586402266288952
0.4787890267065637,0.667144906743185,0.6586402266288952
0.47986377619671944,0.6681034482758621,0.6586402266288952
0.47991646595537113,0.6676258992805756,0.6572237960339944
0.4800709757575907,0.6671469740634006,0.6558073654390935
0.4806141579504667,0.6666666666666666,0.6543909348441926
0.4810042198857201,0.6676300578034682,0.6543909348441926
0.48101966375351785,0.6685962373371924,0.6543909348441926
0.4812653222605976,0.6681159420289855,0.6529745042492918
0.4813286556078513,0.6690856313497823,0.6529745042492918
0.4813356177688272,0.6686046511627907,0.6515580736543909
0.4815716978322145,0.6695778748180495,0.6515580736543909
0.4816357804929068,0.6705539358600583,0.6515580736543909
0.4818426027719158,0.67007299270073,0.6501416430594901
0.4820081996780842,0.6695906432748538,0.6487252124645893
0.48203568971772853,0.6705710102489019,0.6487252124645893
0.48262252708745546,0.6700879765395894,0.6473087818696884
0.4827030746840004,0.671071953010279,0.6473087818696884
0.483213764850693,0.6720588235294118,0.6473087818696884
0.4837415962845372,0.6730486008836525,0.6473087818696884
0.48433599195919375,0.672566371681416,0.6458923512747875
0.48438826017258413,0.672082717872969,0.6444759206798867
0.4845506042848691,0.6730769230769231,0.6444759206798867
0.4851354508917133,0.6725925925925926,0.6430594900849859
0.4859274195817058,0.6735905044510386,0.6430594900849859
0.4860040587612892,0.6731054977711739,0.6416430594900849
0.48607671225667376,0.6741071428571429,0.6416430594900849
0.48640370838294356,0.6736214605067065,0.6402266288951841
0.48640645346795097,0.6746268656716418,0.6402266288951841
0.4870823959550388,0.6756352765321375,0.6402266288951841
0.48716463285577066,0.6766467065868264,0.6402266288951841
0.4873941703558156,0.6761619190404797,0.6388101983002833
0.48742635770666576,0.6771771771771772,0.6388101983002833
0.4876024182253295,0.6781954887218045,0.6388101983002833
0.4881869885892737,0.6792168674698795,0.6388101983002833
0.48859830984617636,0.6802413273001509,0.6388101983002833
0.4887223355803623,0.6797583081570997,0.6373937677053825
0.4889562425486762,0.6792738275340393,0.6359773371104815
0.48944655183240443,0.6787878787878788,0.6345609065155807
0.489760526343779,0.6798179059180577,0.6345609065155807
0.4901885716867196,0.6808510638297872,0.6345609065155807
0.49049310068942725,0.680365296803653,0.6331444759206799
0.49063273914915434,0.6798780487804879,0.6317280453257791
0.49063908228972264,0.6809160305343511,0.6317280453257791
0.4907394868128939,0.6804281345565749,0.6303116147308782
0.49078065424064626,0.6799387442572741,0.6288951841359773
0.4908901698626562,0.6809815950920245,0.6288951841359773
0.49138525623505347,0.6820276497695853,0.6288951841359773
0.49216848583910755,0.683076923076923,0.6288951841359773
0.492366623211067,0.6841294298921418,0.6288951841359773
0.4931250192539102,0.683641975308642,0.6274787535410765
0.4931381521145908,0.6831530139103554,0.6260623229461756
0.4934053853839629,0.6826625386996904,0.6246458923512748
0.4934277336590601,0.6837209302325581,0.6246458923512748
0.4939327558264609,0.6847826086956522,0.6246458923512748
0.494181987803377,0.6858475894245724,0.6246458923512748
0.4948897553155854,0.6853582554517134,0.623229461756374
0.4954211502462698,0.6848673946957878,0.6218130311614731
0.49560411287138406,0.6859375,0.6218130311614731
0.49592794673972995,0.6870109546165885,0.6218130311614731
0.4961786116049842,0.6880877742946708,0.6218130311614731
0.4972567243561601,0.6891679748822606,0.6218130311614731
0.49756736447434885,0.6886792452830188,0.6203966005665722
0.49760849889619185,0.6881889763779527,0.6189801699716714
0.49813899744815837,0.6876971608832808,0.6175637393767706
0.4983365756209299,0.6872037914691943,0.6161473087818697
0.4985167742157293,0.6882911392405063,0.6161473087818697
0.4988727747176574,0.6893819334389857,0.6161473087818697
0.4989679177377637,0.6904761904761905,0.6161473087818697
0.49896878673604306,0.6899841017488076,0.6147308781869688
0.49937372177888173,0.6910828025477707,0.6147308781869688
0.499786247999591,0.6905901116427432,0.613314447592068
0.5002836811666227,0.6900958466453674,0.6118980169971672
0.5005718285096961,0.6896,0.6104815864022662
0.5010279794483914,0.6907051282051282,0.6104815864022662
0.5013521639931059,0.6918138041733547,0.6104815864022662
0.5017073298952247,0.6913183279742765,0.6090651558073654
0.5017406195497868,0.6908212560386473,0.6076487252124646
0.5019031807093446,0.6903225806451613,0.6062322946175638
0.5021329417790166,0.691437802907916,0.6062322946175638
0.5030832307375463,0.6925566343042071,0.6062322946175638
0.5032037745547766,0.6936790923824959,0.6062322946175638
0.5033689069438286,0.6931818181818182,0.6048158640226629
0.5044599372904033,0.6938110749185668,0.603399433427762
0.5048708203829732,0.6949429037520392,0.603399433427762
0.504939532346001,0.6944444444444444,0.6019830028328612
0.5056724328226108,0.6955810147299509,0.6019830028328612
0.5062333757311952,0.6967213114754098,0.6019830028328612
0.5063817964004217,0.6962233169129721,0.6005665722379604
0.5069102149356696,0.6973684210526315,0.6005665722379604
0.5073864854625459,0.6985172981878089,0.6005665722379604
0.5075464756065016,0.698019801980198,0.5991501416430595
0.5088980512525552,0.6991735537190082,0.5991501416430595
0.5092911707206254,0.6986754966887417,0.5977337110481586
0.509773138816758,0.6998341625207297,0.5977337110481586
0.5105376956588609,0.6993355481727574,0.5963172804532578
0.5108387042847953,0.7004991680532446,0.5963172804532578
0.5111113342818466,0.7,0.5949008498583569
0.5112568756712741,0.6994991652754591,0.5934844192634561
0.5122155721282854,0.6989966555183946,0.5920679886685553
0.513017910277694,0.7001675041876047,0.5920679886685553
0.5130414430516403,0.7013422818791947,0.5920679886685553
0.5132090730837645,0.7008403361344537,0.5906515580736544
0.5134243760720959,0.7003367003367004,0.5892351274787535
0.5146120218537731,0.7015177065767285,0.5892351274787535
0.5151444778834563,0.7010135135135135,0.5878186968838527
0.5152029946812587,0.7021996615905245,0.5878186968838527
0.5155429930930729,0.7016949152542373,0.5864022662889519
0.515581077206735,0.7028862478777589,0.5864022662889519
0.5165081690981783,0.7040816326530612,0.5864022662889519
0.5166558655848106,0.7035775127768313,0.5849858356940509
0.5168909477663813,0.7030716723549488,0.5835694050991501
0.517122393407483,0.7025641025641025,0.5821529745042493
0.5172197095858587,0.702054794520548,0.5807365439093485
0.5173267915357542,0.7032590051457976,0.5807365439093485
0.5179296229885266,0.7027491408934707,0.5793201133144475
0.5181469470026171,0.7039586919104991,0.5793201133144475
0.5190896338578245,0.7034482758620689,0.5779036827195467
0.5192273190724292,0.7029360967184801,0.5764872521246459
0.519757653484944,0.7024221453287197,0.5750708215297451
0.5200221671079869,0.7036395147313691,0.5750708215297451
0.520053848540349,0.703125,0.5736543909348442
0.5201923391198254,0.7043478260869566,0.5736543909348442
0.5233177155255893,0.705574912891986,0.5736543909348442
0.5233725353383646,0.7050610820244329,0.5722379603399433
0.5233790040130047,0.7062937062937062,0.5722379603399433
0.5241308229650632,0.7075306479859895,0.5722379603399433
0.5246848218579617,0.7070175438596491,0.5708215297450425
0.524822705235353,0.7065026362038664,0.5694050991501416
0.5248928608927186,0.7077464788732394,0.5694050991501416
0.5252199319991674,0.7072310405643739,0.5679886685552408
0.5255331330869489,0.7084805653710248,0.5679886685552408
0.5255362697573939,0.7079646017699115,0.56657223796034
0.5270216065070897,0.7092198581560284,0.56657223796034
0.527044753720172,0.7087033747779752,0.5651558073654391
0.5272659537309445,0.708185053380783,0.5637393767705382
0.5272972728603069,0.7094474153297683,0.5637393767705382
0.5274328640541043,0.7107142857142857,0.5637393767705382
0.5280149533358264,0.7101967799642218,0.5623229461756374
0.5282890529177225,0.7114695340501792,0.5623229461756374
0.5288684907005585,0.7109515260323159,0.5609065155807366
0.5290004183204716,0.7122302158273381,0.5609065155807366
0.529253078820789,0.7117117117117117,0.5594900849858357
0.5292930392877888,0.7111913357400722,0.5580736543909348
0.5300053451921679,0.7124773960216998,0.5580736543909348
0.5300978494558843,0.7137681159420289,0.5580736543909348
0.5301149313860524,0.7132486388384754,0.556657223796034
0.530256450310405,0.7145454545454546,0.556657223796034
0.5304639419409685,0.7140255009107468,0.5552407932011332
0.5304849210665405,0.7153284671532847,0.5552407932011332
0.5310737988303774,0.716636197440585,0.5552407932011332
0.5310936131151682,0.7161172161172161,0.5538243626062322
0.5311633841479539,0.7174311926605504,0.5538243626062322
0.5313031456842285,0.7169117647058824,0.5524079320113314
0.5317361554886867,0.7182320441988951,0.5524079320113314
0.531894682423996,0.7177121771217713,0.5509915014164306
0.5319588657841208,0.7190388170055453,0.5509915014164306
0.5320607181909155,0.7203703703703703,0.5509915014164306
0.5324657007904606,0.7198515769944341,0.5495750708215298
0.5326893581956761,0.7211895910780669,0.5495750708215298
0.5331309665793781,0.7206703910614525,0.5481586402266289
0.5339679920816255,0.7220149253731343,0.5481586402266289
0.5351154647984302,0.7214953271028037,0.546742209631728
0.5351211354997837,0.7228464419475655,0.546742209631728
0.535480634923112,0.724202626641651,0.546742209631728
0.535520553956298,0.7255639097744361,0.546742209631728
0.5357778889822379,0.7269303201506592,0.546742209631728
0.5358600365654337,0.7283018867924528,0.546742209631728
0.5366323454323003,0.7296786389413988,0.546742209631728
0.5368924393746158,0.7310606060606061,0.546742209631728
0.5378545923579064,0.7324478178368121,0.546742209631728
0.5387490746322402,0.7338403041825095,0.546742209631728
0.5390814613671486,0.7352380952380952,0.546742209631728
0.5393020352376355,0.7366412213740458,0.546742209631728
0.5401175465264438,0.7380497131931166,0.546742209631728
0.5406577004431656,0.7394636015325671,0.546742209631728
0.5414752647859028,0.7408829174664108,0.546742209631728
0.5415706774214192,0.7423076923076923,0.546742209631728
0.5430181228889835,0.74373795761079,0.546742209631728
0.5436270881758603,0.7451737451737451,0.546742209631728
0.5438433946814192,0.746615087040619,0.546742209631728
0.5440032084399784,0.748062015503876,0.546742209631728
0.5441417391336741,0.7475728155339806,0.5453257790368272
0.5442579232540719,0.7470817120622568,0.5439093484419264
0.5443625673365763,0.7485380116959064,0.5439093484419264
0.5445564783947591,0.748046875,0.5424929178470255
0.5446151641738762,0.7475538160469667,0.5410764872521246
0.5450561951644362,0.7490196078431373,0.5410764872521246
0.545124686035807,0.75049115913556,0.5410764872521246
0.5458668576444241,0.75,0.5396600566572238
0.5460649850030029,0.7495069033530573,0.5382436260623229
0.5463832877327023,0.7509881422924901,0.5382436260623229
0.5475595507096027,0.7504950495049505,0.5368271954674221
0.5481117906047023,0.75,0.5354107648725213
0.5483952378713217,0.7495029821073559,0.5339943342776204
0.5487247842452544,0.749003984063745,0.5325779036827195
0.5490274970207994,0.7504990019960079,0.5325779036827195
0.549173442993802,0.752,0.5325779036827195
0.5492524548479771,0.751503006012024,0.5311614730878187
0.5493426452295681,0.751004016064257,0.5297450424929179
0.5496068494812343,0.7525150905432596,0.5297450424929179
0.549771353435103,0.7520161290322581,0.5283286118980169
0.550222269524005,0.7515151515151515,0.5269121813031161
0.5502260222941211,0.7510121457489879,0.5254957507082153
0.5503808241343096,0.7525354969574036,0.5254957507082153
0.5507463548315088,0.7520325203252033,0.5240793201133145
0.5507754720265567,0.7535641547861507,0.5240793201133145
0.5507795368259581,0.7551020408163265,0.5240793201133145
0.5512765886332502,0.754601226993865,0.5226628895184136
0.5514200081250505,0.7561475409836066,0.5226628895184136
0.551445904748848,0.75564681724846,0.5212464589235127
0.5526353091355063,0.757201646090535,0.5212464589235127
0.5526391831876648,0.7587628865979381,0.5212464589235127
0.5527028334178445,0.7582644628099173,0.5198300283286119
0.5528565577321419,0.7598343685300207,0.5198300283286119
0.5529551778807126,0.7614107883817427,0.5198300283286119
0.5539122759275056,0.762993762993763,0.5198300283286119
0.5539690280986705,0.7625,0.5184135977337111
0.554337929074979,0.7620041753653445,0.5169971671388102
0.5557774876009892,0.7615062761506276,0.5155807365439093
0.556136180622293,0.7610062893081762,0.5141643059490085
0.5561634874377402,0.7605042016806722,0.5127478753541076
0.5568770206103099,0.76,0.5113314447592068
0.5571302968004862,0.7616033755274262,0.5113314447592068
0.5577503369245919,0.7632135306553911,0.5113314447592068
0.5579140720011432,0.7627118644067796,0.509915014164306
0.5579304037744123,0.7643312101910829,0.509915014164306
0.5586192385333759,0.7659574468085106,0.509915014164306
0.5586918377005443,0.7654584221748401,0.5084985835694051
0.5605915906782308,0.7649572649572649,0.5070821529745042
0.5626597228130772,0.7644539614561028,0.5056657223796034
0.562921910124882,0.7639484978540773,0.5042492917847026
0.5629826028517566,0.7634408602150538,0.5028328611898017
0.5632155340648269,0.7629310344827587,0.5014164305949008
0.5634580939222326,0.7645788336933045,0.5014164305949008
0.563505058944466,0.7640692640692641,0.5
0.5637217787050682,0.7652173913043478,0.4985835694050991
0.5642608180182286,0.7647058823529411,0.4971671388101983
0.5644852504545277,0.7663755458515283,0.4971671388101983
0.5652935177632065,0.7658643326039387,0.49575070821529743
0.5658201024301933,0.7653508771929824,0.4943342776203966
0.5668824581877326,0.7648351648351648,0.49291784702549574
0.5669941641196851,0.7665198237885462,0.49291784702549574
0.5679207751541036,0.7682119205298014,0.49291784702549574
0.5680036158332442,0.7699115044247787,0.49291784702549574
0.5688378039004849,0.7694013303769401,0.4915014164305949
0.5702619233855838,0.7688888888888888,0.49008498583569404
0.5710747056574772,0.7706013363028953,0.49008498583569404
0.5715986003549105,0.7723214285714286,0.49008498583569404
0.5718587418519099,0.7740492170022372,0.49008498583569404
0.5718892674116084,0.773542600896861,0.4886685552407932
0.5723256786965948,0.7730337078651686,0.48725212464589235
0.5726132758230656,0.7725225225225225,0.48583569405099153
0.5727560315372012,0.7720090293453724,0.48441926345609065
0.5729900302948486,0.7737556561085973,0.48441926345609065
0.5730464027355665,0.7732426303854876,0.4830028328611898
0.5750487532259888,0.775,0.4830028328611898
0.575716175438426,0.7767653758542141,0.4830028328611898
0.5762318130790379,0.776255707762557,0.48158640226628896
0.5769949826349794,0.7757437070938215,0.4801699716713881
0.5773304429194247,0.7752293577981652,0.47875354107648727
0.577665150609522,0.774712643678161,0.4773371104815864
0.5780125606819023,0.7741935483870968,0.47592067988668557
0.5782232801259317,0.7736720554272517,0.4745042492917847
0.5838304743302974,0.7731481481481481,0.4730878186968839
0.5843256759452922,0.7726218097447796,0.471671388101983
0.5852163613626711,0.7744186046511627,0.471671388101983
0.5870022712053827,0.7762237762237763,0.471671388101983
0.5896095948707949,0.7757009345794392,0.4702549575070821
0.5900541555479774,0.7775175644028103,0.4702549575070821
0.5907153738058318,0.7769953051643192,0.4688385269121813
0.5922713405917532,0.7764705882352941,0.46742209631728043
0.5925027753153521,0.7783018867924528,0.46742209631728043
0.5954494889160998,0.7801418439716312,0.46742209631728043
0.5957493158238715,0.7796208530805687,0.4660056657223796
0.5992006009256586,0.7814726840855107,0.4660056657223796
0.6010088534311239,0.780952380952381,0.46458923512747874
0.6024897914353264,0.7804295942720764,0.4631728045325779
0.6047236896466189,0.7822966507177034,0.4631728045325779
0.6050624114779894,0.7817745803357314,0.46175637393767704
0.6053910019025601,0.78125,0.4603399433427762
0.6060982865471005,0.7807228915662651,0.45892351274787535
0.6066965251286651,0.7801932367149759,0.45750708215297453
0.607111498942136,0.7796610169491526,0.45609065155807366
0.6077783606773428,0.7815533980582524,0.45609065155807366
0.6097977977072712,0.7834549878345499,0.45609065155807366
0.6139595195106314,0.7829268292682927,0.4546742209631728
0.614704091748334,0.78239608801956,0.45325779036827196
0.6150294189814383,0.7843137254901961,0.45325779036827196
0.6151210210563713,0.7862407862407862,0.45325779036827196
0.6153611624439894,0.7881773399014779,0.45325779036827196
0.6160697684640064,0.7876543209876543,0.4518413597733711
0.6166386761637861,0.7871287128712872,0.45042492917847027
0.6168261336851002,0.7890818858560794,0.45042492917847027
0.6213588424489515,0.7910447761194029,0.45042492917847027
0.6226532718510951,0.7930174563591023,0.45042492917847027
0.6229587558631908,0.7925,0.4490084985835694
0.6240872939755768,0.7919799498746867,0.4475920679886686
0.6259111494136284,0.7939698492462312,0.4475920679886686
0.6267406342851745,0.7934508816120907,0.4461756373937677
0.6275424954180207,0.7929292929292929,0.4447592067988669
0.6287497817097423,0.7924050632911392,0.443342776203966
0.6288906086056723,0.7918781725888325,0.44192634560906513
0.6297943952464047,0.7938931297709924,0.44192634560906513
0.6309367131321555,0.7959183673469388,0.44192634560906513
0.6320841346903022,0.7979539641943734,0.44192634560906513
0.6351321960301605,0.7974358974358975,0.4405099150141643
0.6356736194995618,0.7969151670951157,0.43909348441926344
0.6369115303844933,0.7963917525773195,0.4376770538243626
0.6369374342978319,0.7958656330749354,0.43626062322946174
0.6389796441059725,0.7953367875647669,0.4348441926345609
0.6390371131704572,0.7974025974025974,0.4348441926345609
0.6391306501957662,0.796875,0.43342776203966005
0.6397874792536675,0.7989556135770235,0.43342776203966005
0.642151279877398,0.8010471204188482,0.43342776203966005
0.6426611156099701,0.800524934383202,0.43201133144475923
0.6427699627973849,0.8,0.43059490084985835
0.6427804480630677,0.7994722955145118,0.42917847025495753
0.6434922635662543,0.8015873015873016,0.42917847025495753
0.6443385201761543,0.8010610079575596,0.42776203966005666
0.6457037769845445,0.800531914893617,0.4263456090651558
0.6459912053794862,0.8026666666666666,0.4263456090651558
0.6474767414765221,0.8048128342245989,0.4263456090651558
0.650373536887041,0.806970509383378,0.4263456090651558
0.6511504789215414,0.8064516129032258,0.42492917847025496
0.6552034217111485,0.8059299191374663,0.4235127478753541
0.6567222777598765,0.8054054054054054,0.42209631728045327
0.6581994445019391,0.8075880758807588,0.42209631728045327
0.6586070567582191,0.8097826086956522,0.42209631728045327
0.661699072876252,0.8092643051771117,0.4206798866855524
0.6623153038393298,0.8087431693989071,0.4192634560906516
0.662995828335762,0.8082191780821918,0.4178470254957507
0.6633070590948966,0.8076923076923077,0.4164305949008499
0.6656051919124699,0.8071625344352618,0.415014164305949
0.6658637229522334,0.8066298342541437,0.41359773371104813
0.6660564875161268,0.8060941828254847,0.4121813031161473
0.6692532075488637,0.8055555555555556,0.41076487252124644
0.6728930049445834,0.8050139275766016,0.4093484419263456
0.6747970843636416,0.8072625698324022,0.4093484419263456
0.6768243796843911,0.8067226890756303,0.40793201133144474
0.67695485121765,0.8089887640449438,0.40793201133144474
0.6771114136068528,0.8084507042253521,0.4065155807365439
0.6796669606437474,0.807909604519774,0.40509915014164305
0.6808649608538382,0.8073654390934845,0.40368271954674223
0.6811613060880796,0.8096590909090909,0.40368271954674223
0.6826446861038751,0.811965811965812,0.40368271954674223
0.6827177513790295,0.8142857142857143,0.40368271954674223
0.6832711258907159,0.8166189111747851,0.40368271954674223
0.6849637994146843,0.8189655172413793,0.40368271954674223
0.6860706651299848,0.8184438040345822,0.40226628895184136
0.6868518743600742,0.8179190751445087,0.40084985835694054
0.6872901303395614,0.8173913043478261,0.39943342776203966
0.6874829155085329,0.8197674418604651,0.39943342776203966
0.6878615272791345,0.8192419825072886,0.3980169971671388
0.6879867084789912,0.8187134502923976,0.39660056657223797
0.6881854218786354,0.8181818181818182,0.3951841359773371
0.6884881657396269,0.8205882352941176,0.3951841359773371
0.6897592393655957,0.8200589970501475,0.3937677053824363
0.6900684462470067,0.8224852071005917,0.3937677053824363
0.6910262086527114,0.8249258160237388,0.3937677053824363
0.6920499561937679,0.8273809523809523,0.3937677053824363
0.6935585891131517,0.826865671641791,0.3923512747875354
0.6942183265892942,0.8263473053892215,0.3909348441926346
0.6948736722811664,0.8258258258258259,0.3895184135977337
0.6949415100054347,0.8253012048192772,0.3881019830028329
0.6978903964557177,0.8277945619335347,0.3881019830028329
0.6979576679079926,0.8272727272727273,0.386685552407932
0.6984886461817219,0.8297872340425532,0.386685552407932
0.6993913788131405,0.8323170731707317,0.386685552407932
0.6995397262515701,0.8318042813455657,0.38526912181303113
0.6996477747781619,0.8312883435582822,0.3838526912181303
0.7000501893488142,0.8307692307692308,0.38243626062322944
0.7013933818537541,0.8302469135802469,0.3810198300283286
0.7014311753255167,0.8297213622291022,0.37960339943342775
0.7017574828986828,0.8291925465838509,0.3781869688385269
0.701956838631924,0.8286604361370716,0.37677053824362605
0.7032752515562822,0.8307210031347962,0.37535410764872523
0.7034447367269716,0.8333333333333334,0.37535410764872523
0.7051488463770406,0.832807570977918,0.37393767705382436
0.7055047930380345,0.8322784810126582,0.37252124645892354
0.7059743722880049,0.8317460317460318,0.37110481586402266
0.7067207740067317,0.8343949044585988,0.37110481586402266
0.7076295033788527,0.8338658146964856,0.3696883852691218
0.7079335848233818,0.8365384615384616,0.3696883852691218
0.7083203363680964,0.8360128617363344,0.36827195467422097
0.7084269934191921,0.8354838709677419,0.3668555240793201
0.7095945415708825,0.8349514563106796,0.3654390934844193
0.7127987628830142,0.8344155844155844,0.3640226628895184
0.7141349256287404,0.8371335504885994,0.3640226628895184
0.7145226011621209,0.8366013071895425,0.3626062322946176
0.7149252864526197,0.8360655737704918,0.3611898016997167
0.7158430103261844,0.8355263157894737,0.3597733711048159
0.7162906473000327,0.834983498349835,0.358356940509915
0.7163896184362558,0.8344370860927153,0.35694050991501414
0.7164162766030502,0.8372093023255814,0.35694050991501414
0.7164740131728683,0.8366666666666667,0.3555240793201133
0.7166047090333117,0.8361204013377926,0.35410764872521244
0.7178658996982799,0.8389261744966443,0.35410764872521244
0.7191731054733141,0.8417508417508418,0.35410764872521244
0.7203231907433264,0.8412162162162162,0.3526912181303116
0.7224495048942509,0.8406779661016949,0.35127478753541075
0.7225481818400838,0.8435374149659864,0.35127478753541075
0.7226653743576943,0.8464163822525598,0.35127478753541075
0.7227733074127215,0.8458904109589042,0.34985835694050993
0.7234468175764316,0.8487972508591065,0.34985835694050993
0.7235584287708684,0.8482758620689655,0.34844192634560905
0.7239445425286415,0.8477508650519031,0.34702549575070823
0.7241194505784107,0.8472222222222222,0.34560906515580736
0.7241883728361377,0.8466898954703833,0.34419263456090654
0.7252242316516302,0.8461538461538461,0.34277620396600567
0.7258196540635695,0.8456140350877193,0.3413597733711048
0.7259018673765164,0.8450704225352113,0.33994334277620397
0.7281544875265104,0.8445229681978799,0.3385269121813031
0.7284100445232996,0.8475177304964538,0.3385269121813031
0.7287928339627578,0.8505338078291815,0.3385269121813031
0.7288867407107098,0.85,0.3371104815864023
0.7290597645849625,0.8494623655913979,0.3356940509915014
0.7292480691503833,0.8489208633093526,0.3342776203966006
0.7311018329187615,0.8483754512635379,0.3328611898016997
0.731972913299468,0.8478260869565217,0.3314447592067989
0.7320355292651415,0.8472727272727273,0.330028328611898
0.7333046309925731,0.8467153284671532,0.3286118980169972
0.7334515499029475,0.8461538461538461,0.3271954674220963
0.7343210540618079,0.8455882352941176,0.32577903682719545
0.735169357109116,0.8487084870848709,0.32577903682719545
0.7356991666038097,0.8518518518518519,0.32577903682719545
0.7359928378229026,0.8513011152416357,0.3243626062322946
0.7361492115243692,0.8544776119402985,0.3243626062322946
0.7369383512312845,0.8539325842696629,0.32294617563739375
0.7378360487737764,0.8533834586466166,0.32152974504249293
0.7383912750758806,0.8566037735849057,0.32152974504249293
0.7386378950033469,0.8598484848484849,0.32152974504249293
0.7387284196950374,0.8593155893536122,0.32011331444759206
0.7394755028568436,0.8587786259541985,0.31869688385269124
0.7395314175101911,0.8582375478927203,0.31728045325779036
0.739826409750375,0.8576923076923076,0.31586402266288954
0.7399669610973907,0.861003861003861,0.31586402266288954
0.7402425224978703,0.8604651162790697,0.31444759206798867
0.7412192033674481,0.8599221789883269,0.3130311614730878
0.7412316447730181,0.859375,0.311614730878187
0.7416891354660834,0.8588235294117647,0.3101983002832861
0.7416970453027678,0.8622047244094488,0.3101983002832861
0.7424758727870192,0.8656126482213439,0.3101983002832861
0.742620678407453,0.8690476190476191,0.3101983002832861
0.7431083932566686,0.8685258964143426,0.3087818696883853
0.74315671807692,0.868,0.3073654390934844
0.7436492610428079,0.8674698795180723,0.3059490084985836
0.7438256120932834,0.8669354838709677,0.3045325779036827
0.744454353056138,0.8704453441295547,0.3045325779036827
0.7447462866789497,0.8699186991869918,0.3031161473087819
0.7466280821597284,0.8693877551020408,0.301699716713881
0.7472737634252574,0.8688524590163934,0.3002832861189802
0.7478668257294312,0.8724279835390947,0.3002832861189802
0.7479014161609844,0.871900826446281,0.2988668555240793
0.7479752644952216,0.8713692946058091,0.29745042492917845
0.7482211534920373,0.8708333333333333,0.29603399433427763
0.7483167212527263,0.8702928870292888,0.29461756373937675
0.7484194002680498,0.8697478991596639,0.29320113314447593
0.7488834569133995,0.869198312236287,0.29178470254957506
0.749550223134562,0.8728813559322034,0.29178470254957506
0.7504983365756661,0.8723404255319149,0.29036827195467424
0.751357054858252,0.8760683760683761,0.29036827195467424
0.752372603693341,0.8755364806866953,0.28895184135977336
0.7528690845607966,0.8793103448275862,0.28895184135977336
0.7535479164342734,0.8787878787878788,0.28753541076487255
0.7537109570045757,0.8782608695652174,0.28611898016997167
0.7537351036500805,0.8777292576419214,0.2847025495750708
0.7540231759232061,0.8771929824561403,0.28328611898017
0.7542004466357684,0.8766519823788547,0.2818696883852691
0.7544649023654357,0.8761061946902655,0.2804532577903683
0.754719905399327,0.88,0.2804532577903683
0.7547892634958767,0.8794642857142857,0.2790368271954674
0.7554349304623296,0.8789237668161435,0.2776203966005666
0.7565215766981218,0.8828828828828829,0.2776203966005666
0.7571759849056449,0.8868778280542986,0.2776203966005666
0.7574038490830041,0.8863636363636364,0.2762039660056657
0.7616843677575499,0.8858447488584474,0.2747875354107649
0.7622361114338563,0.8899082568807339,0.2747875354107649
0.763433795958496,0.8894009216589862,0.273371104815864
0.7637678089897794,0.8888888888888888,0.2719546742209632
0.7645322895140326,0.8883720930232558,0.2705382436260623
0.7662547136400817,0.8878504672897196,0.26912181303116145
0.7676578791434243,0.8873239436619719,0.26770538243626063
0.76862184062511,0.8867924528301887,0.26628895184135976
0.768720826677102,0.8909952606635071,0.26628895184135976
0.769282966487771,0.8904761904761904,0.26487252124645894
0.7695096484749818,0.8899521531100478,0.26345609065155806
0.7695911053880208,0.8894230769230769,0.26203966005665724
0.7705484579417731,0.8888888888888888,0.26062322946175637
0.770655202120569,0.8883495145631068,0.25920679886685555
0.7718282050438598,0.8921568627450981,0.2577903682719547
0.7721106299688606,0.896551724137931,0.2577903682719547
0.7727277144832851,0.8960396039603961,0.2563739376770538
0.774342568171796,0.8955223880597015,0.254957507082153
0.7744494035200472,0.9,0.254957507082153
0.7754607711457332,0.8994974874371859,0.2535410764872521
0.77568656232365,0.898989898989899,0.2521246458923513
0.7769920535863205,0.8984771573604061,0.2507082152974504
0.7790553285811276,0.8979591836734694,0.24929178470254956
0.7800197049666564,0.8974358974358975,0.24787535410764872
0.7802666944507103,0.9020618556701031,0.24787535410764872
0.7804676264961025,0.9015544041450777,0.24645892351274787
0.7823043225210541,0.9010416666666666,0.24504249291784702
0.7838272974527706,0.900523560209424,0.24362606232294617
0.7838785375773212,0.9,0.24220963172804533
0.7839069279532651,0.8994708994708994,0.24079320113314448
0.7856116685008538,0.9042553191489362,0.24079320113314448
0.7861866222499013,0.9037433155080213,0.23937677053824363
0.7873668466615712,0.9032258064516129,0.23796033994334279
0.7874708883340824,0.9027027027027027,0.23654390934844194
0.7876735160982624,0.9021739130434783,0.23512747875354106
0.7880625294901263,0.9016393442622951,0.23371104815864022
0.7882726854748436,0.9010989010989011,0.23229461756373937
0.7884844216953175,0.9005524861878453,0.23087818696883852
0.7886161484260249,0.9,0.22946175637393768
0.7892364393463726,0.8994413407821229,0.22804532577903683
0.7900341915613865,0.898876404494382,0.22662889518413598
0.7900498215822616,0.903954802259887,0.22662889518413598
0.7905691004133802,0.9034090909090909,0.22521246458923513
0.7910288017628206,0.9028571428571428,0.2237960339943343
0.7913372338176611,0.9022988505747126,0.22237960339943344
0.7915066532333495,0.9075144508670521,0.22237960339943344
0.7935901877282276,0.9069767441860465,0.22096317280453256
0.7936196001380567,0.9064327485380117,0.21954674220963172
0.7947272363767488,0.9058823529411765,0.21813031161473087
0.7947739918955101,0.9053254437869822,0.21671388101983002
0.7956875451313051,0.9107142857142857,0.21671388101983002
0.7966049351916573,0.9101796407185628,0.21529745042492918
0.7976390154737045,0.9096385542168675,0.21388101983002833
0.79882158242064,0.9090909090909091,0.21246458923512748
0.7990235215538649,0.9085365853658537,0.21104815864022664
0.7994466785635175,0.9079754601226994,0.2096317280453258
0.7999943643856835,0.9074074074074074,0.20821529745042494
0.8010128666352823,0.906832298136646,0.20679886685552407
0.8015912776187596,0.90625,0.20538243626062322
0.8024345823135925,0.9119496855345912,0.20538243626062322
0.8029520197171657,0.9177215189873418,0.20538243626062322
0.8043360630125608,0.9171974522292994,0.20396600566572237
0.8045284146786266,0.9166666666666666,0.20254957507082152
0.8045436077549826,0.9161290322580645,0.20113314447592068
0.8049003900835937,0.9155844155844156,0.19971671388101983
0.8053647386548941,0.9150326797385621,0.19830028328611898
0.806440623765739,0.9144736842105263,0.19688385269121814
0.8065292018138068,0.9205298013245033,0.19688385269121814
0.8076071975841507,0.92,0.1954674220963173
0.8094081434745634,0.9194630872483222,0.19405099150141644
0.8096860289750835,0.918918918918919,0.19263456090651557
0.8102839088906154,0.9183673469387755,0.19121813031161472
0.8111556329569098,0.9246575342465754,0.19121813031161472
0.8112384084731724,0.9241379310344827,0.18980169971671387
0.8118775376099253,0.9305555555555556,0.18980169971671387
0.8122522919439693,0.9300699300699301,0.18838526912181303
0.8133221196226101,0.9295774647887324,0.18696883852691218
0.8133434385937786,0.9290780141843972,0.18555240793201133
0.8140130238591267,0.9285714285714286,0.18413597733711048
0.8142181443242172,0.9280575539568345,0.18271954674220964
0.8145267058843061,0.927007299270073,0.17988668555240794
0.8158955393703825,0.9264705882352942,0.17847025495750707
0.8160748483304908,0.9259259259259259,0.17705382436260622
0.8163228189474755,0.9253731343283582,0.17563739376770537
0.8167049441123679,0.924812030075188,0.17422096317280453
0.816988041449963,0.9242424242424242,0.17280453257790368
0.8173681783113688,0.9236641221374046,0.17138810198300283
0.8182118223216801,0.9230769230769231,0.16997167138810199
0.8185594286534654,0.9302325581395349,0.16997167138810199
0.8187862576203769,0.9296875,0.16855524079320114
0.8191571325563484,0.937007874015748,0.16855524079320114
0.8191725627045741,0.9365079365079365,0.1671388101983003
0.819463515620429,0.936,0.16572237960339944
0.8195516095962129,0.9354838709677419,0.1643059490084986
0.8195534601168257,0.9349593495934959,0.16288951841359772
0.8198357033070086,0.9344262295081968,0.16147308781869688
0.8199870085690214,0.9338842975206612,0.16005665722379603
0.8203839147016596,0.9333333333333333,0.15864022662889518
0.8211016230054987,0.9327731092436975,0.15722379603399433
0.8211984361378926,0.9322033898305084,0.1558073654390935
0.8213136808049103,0.9316239316239316,0.15439093484419264
0.82145654903449,0.9310344827586207,0.1529745042492918
0.8215171746741133,0.9304347826086956,0.15155807365439095
0.8216857538503263,0.9298245614035088,0.1501416430594901
0.8216932704613218,0.9292035398230089,0.14872521246458922
0.8217830329727959,0.9285714285714286,0.14730878186968838
0.8228895835132783,0.9369369369369369,0.14730878186968838
0.8234457508785492,0.9363636363636364,0.14589235127478753
0.8235398087737159,0.9357798165137615,0.14447592067988668
0.8237837887080054,0.9444444444444444,0.14447592067988668
0.8240100515833528,0.9439252336448598,0.14305949008498584
0.8260822576708724,0.9433962264150944,0.141643059490085
0.8289476728540529,0.9428571428571428,0.14022662889518414
0.8291963684373148,0.9423076923076923,0.1388101983002833
0.829239118354355,0.941747572815534,0.13739376770538245
0.82928785011313,0.9411764705882353,0.1359773371104816
0.8298556538696575,0.9405940594059405,0.13456090651558072
0.831131951326921,0.94,0.13314447592067988
0.8334120832488692,0.9393939393939394,0.13172804532577903
0.8337721330364086,0.9387755102040817,0.13031161473087818
0.8338975485045022,0.9381443298969072,0.12889518413597734
0.8352632968819221,0.9375,0.1274787535410765
0.835558722292649,0.9368421052631579,0.12606232294617564
0.836126186381417,0.9468085106382979,0.12606232294617564
0.836452208928796,0.946236559139785,0.12464589235127478
0.8364915125007742,0.9456521739130435,0.12322946175637393
0.8373943591319857,0.945054945054945,0.12181303116147309
0.8377211906590705,0.9444444444444444,0.12039660056657224
0.8390421317106148,0.9438202247191011,0.11898016997167139
0.8391125932658697,0.9431818181818182,0.11756373937677053
0.8400528415881157,0.9425287356321839,0.11614730878186968
0.8429673520610282,0.9534883720930233,0.11614730878186968
0.8430997575482039,0.9529411764705882,0.11473087818696884
0.8442770788814439,0.9523809523809523,0.11331444759206799
0.8450294478213702,0.9518072289156626,0.11189801699716714
0.846135192557298,0.9512195121951219,0.11048158640226628
0.846597282046289,0.9506172839506173,0.10906515580736544
0.8471845056771852,0.95,0.10764872521246459
0.8483395790331104,0.9493670886075949,0.10623229461756374
0.85041755520471,0.9487179487179487,0.1048158640226629
0.8506273031722789,0.948051948051948,0.10339943342776203
0.850773109826079,0.9473684210526315,0.10198300283286119
0.8514318531448443,0.9466666666666667,0.10056657223796034
0.8520628691371378,0.9459459459459459,0.09915014164305949
0.8534253008217031,0.958904109589041,0.09915014164305949
0.853566465442463,0.9583333333333334,0.09773371104815864
0.856520921659638,0.9577464788732394,0.09631728045325778
0.8568612112197691,0.9571428571428572,0.09490084985835694
0.8593357797417709,0.9710144927536232,0.09490084985835694
0.862246210591956,0.9705882352941176,0.09348441926345609
0.8639161902155638,0.9701492537313433,0.09206798866855524
0.865722298197717,0.9696969696969697,0.0906515580736544
0.8677702629410856,0.9692307692307692,0.08923512747875353
0.8687365357303191,0.96875,0.08781869688385269
0.8706083018595526,0.9682539682539683,0.08640226628895184
0.8713291832953113,0.967741935483871,0.08498583569405099
0.8746752843158461,0.9836065573770492,0.08498583569405099
0.8776427102275391,0.9833333333333333,0.08356940509915015
0.8794316228251702,0.9830508474576272,0.0821529745042493
0.8824413003065809,0.9827586206896551,0.08073654390934844
0.8843220356699989,0.9824561403508771,0.07932011331444759
0.8843742642850293,0.9821428571428571,0.07790368271954674
0.8949358946151111,1.0,0.07790368271954674
0.8974818157199743,1.0,0.0764872521246459
0.9008109596865154,1.0,0.07507082152974505
0.9016832215296051,1.0,0.07365439093484419
0.9041727029170732,1.0,0.07223796033994334
0.9083034638030485,1.0,0.0708215297450425
0.9094757260856382,1.0,0.06940509915014165
0.9272202153819217,1.0,0.0679886685552408
0.9350712443135627,1.0,0.06657223796033994
0.9356916293671055,1.0,0.06515580736543909
0.9359377469842242,1.0,0.06373937677053824
0.9377404098944639,1.0,0.06232294617563739
0.9394913523392265,1.0,0.060906515580736544
0.9404106521545632,1.0,0.059490084985835696
0.9418442225511843,1.0,0.05807365439093484
0.9426652549894581,1.0,0.056657223796033995
0.9427619811409758,1.0,0.05524079320113314
0.9444422395952711,1.0,0.053824362606232294
0.9470110139783818,1.0,0.05240793201133145
0.9489691614551241,1.0,0.05099150141643059
0.9514097743145794,1.0,0.049575070821529746
0.9519973820168166,1.0,0.04815864022662889
0.9536598002790224,1.0,0.046742209631728045
0.9538014689982433,1.0,0.0453257790368272
0.9553568186658952,1.0,0.043909348441926344
0.9578230144752756,1.0,0.042492917847025496
0.9581207446830396,1.0,0.04107648725212465
0.9600880423476759,1.0,0.039660056657223795
0.9602890125892617,1.0,0.03824362606232295
0.9606884559909998,1.0,0.036827195467422094
0.9619037758882774,1.0,0.03541076487252125
0.9627748031508465,1.0,0.0339943342776204
0.9628612866482021,1.0,0.032577903682719546
0.9630752823488119,1.0,0.031161473087818695
0.9642197501273989,1.0,0.029745042492917848
0.964913244545012,1.0,0.028328611898016998
0.9666175307435161,1.0,0.026912181303116147
0.9669669503678472,1.0,0.025495750708215296
0.9674552794162712,1.0,0.024079320113314446
0.9690793645965026,1.0,0.0226628895184136
0.9693114043326002,1.0,0.021246458923512748
0.9707766559080057,1.0,0.019830028328611898
0.973663086183017,1.0,0.018413597733711047
0.9754775473630136,1.0,0.0169971671388102
0.9777120939205272,1.0,0.015580736543909348
0.9778063544837111,1.0,0.014164305949008499
0.9789725130614353,1.0,0.012747875354107648
0.9796966640475795,1.0,0.0113314447592068
0.9835260630681263,1.0,0.009915014164305949
0.9865068093544472,1.0,0.0084985835694051
0.9874855016493727,1.0,0.007082152974504249
0.9898732915287717,1.0,0.0056657223796034
0.9901580806235253,1.0,0.00424929178470255
0.9911105571388984,1.0,0.0028328611898017
0.9912066450038907,1.0,0.00141643059490085
1.0,1.0,0.0
